"review_id","effect_size_id","study_level_available","original_effect_size","original_cilb","original_ciub","original_p_value","original_effect_size_type","original_k","original_n","exposure_author_description","plain_language_exposure","outcome_author_description","outcome_category","outcome","outcome_level_3","plain_language_outcome","benefit_or_risk","moderator_level","moderator_category","use_moderator","original_i2","original_se","original_sd","stat_test_clean","author_year","age_group","sample_type","study_design","usable","converted_r","converted_cilb","converted_ciub","converted_z","converted_cilb_z","converted_ciub_z","use_effect","repl_term","repl_type","repl_estimate","repl_std.error","repl_statistic","repl_p.value","repl_conf.low","repl_conf.high","repl_conf.low_999","repl_conf.high_999","repl_k","repl_i2","repl_n","repl_n_max","repl_naive_est","repl_corrected_est","repl_cilb","repl_ciub","repl_replicated","reanalysis_estimate","reanalysis_std.error","reanalysis_statistic","reanalysis_p.value","reanalysis_conf.low","reanalysis_conf.high","reanalysis_conf.low_999","reanalysis_conf.high_999","reanalysis_k","reanalysis_i2","reanalysis_n","reanalysis_n_max","reanalysis_eggers_z","reanalysis_eggers_p","reanalysis_eggers_b","reanalysis_eggers_ci_l","reanalysis_eggers_ci_u","reanalysis_tes_obser","reanalysis_tes_expect","reanalysis_tes_ratio","reanalysis_tes_power","reanalysis_tes_p","reanalysis_tes_theta","reanalysis_tes_thetalim","source","r","n","k","i2","std.err","cilb95","ciub95","cilb999","ciub999","pval","certainty"
6524,"6524_005",TRUE,-0.059,-0.159,0.041,NA,"r",10,9798,NA,"TV programs and movies: General",NA,"health behaviour","health behaviour_sleep","health behaviour_sleep_duration","Sleep: Duration","Benefit","overall","overall",TRUE,NA,NA,NA,"r","Bartel, 2015","Adolescents","General","Mixed or unclear",TRUE,-0.059,-0.159,0.041,-0.0590686030080134,-0.160360591683402,0.0410229968657653,TRUE,"overall","summary",-0.0559735677114331,0.0237043761669704,-2.36131789831391,0.0182101129218087,-0.102433291274685,-0.00951384414818141,-0.133973451142189,0.0220263157193225,10,78.0438656423117,9798,2156,-0.0559151850622894,-0.0645956202107148,-0.175763294945413,0.0463919157829261,NA,-0.0559735677114331,0.0237043761669704,-2.36131789831391,0.0182101129218087,-0.102433291274685,-0.00951384414818141,-0.133973451142189,0.0220263157193225,10,78.0438656423117,9798,2156,-0.209016633687293,0.834435253596455,-0.0473604498585842,-0.141186682267413,0.046465782550245,4,4.36805036432521,0.915740356995159,"0.426; 0.448; 0.62; 0.648; 0.356; 0.187; 0.652; 0.085; 0.415; 0.532",0.722401027123861,-0.0559735677114331,NA,"reanalysis",-0.0559735677114331,9798,10,78.0438656423117,0.0237043761669704,-0.102433291274685,-0.00951384414818141,-0.133973451142189,0.0220263157193225,0.0182101129218087,"meets criteria"
6739,"6739_002",TRUE,0.56,0.18,0.94,"0.003","std. mean difference",13,1575,NA,"Advertising: Unhealthy food",NA,"health behaviour","health behaviour_dietary","health behaviour_dietary_unhealthy food","Diet: Food intake","Risk","overall","overall",TRUE,98,NA,NA,"d","Boyland, 2016","Children","General","Experimental",TRUE,0.269629925519971,0.0896376994958906,0.425361139822421,0.276464691365661,0.0898789407439468,0.454219358912955,TRUE,"overall","summary",0.23343380126226,0.0699101915744116,3.33905251874178,0.000840646693742633,0.0964123436241173,0.370455258900402,0.00339244708293868,0.463475155441581,13,90.4172043432497,1756,270,0.229284184933088,-0.216388555952139,-0.706527170174182,0.266798912958834,NA,0.23343380126226,0.0699101915744116,3.33905251874178,0.000840646693742633,0.0964123436241173,0.370455258900402,0.00339244708293868,0.463475155441581,13,90.4172043432497,1756,270,-0.486244288834392,0.62679397363998,0.393921363409058,-0.268406537386551,1.05624926420467,8,8.74038904553908,0.915291065228159,"0.636; 0.638; 0.715; 0.701; 0.759; 0.768; 0.758; 0.599; 0.532; 0.615; 0.696; 0.648; 0.676",0.77481393819126,0.23343380126226,NA,"reanalysis",0.23343380126226,1756,13,90.4172043432497,0.0699101915744116,0.0964123436241173,0.370455258900402,0.00339244708293868,0.463475155441581,0.000840646693742633,"meets criteria"
7374,"7374_019",TRUE,0.037,0,0.073,NA,"r",22,11007,NA,"Screen use: Sexual content",NA,"psychology","psychology_risky behaviour","psychology_risky behaviour_sex behaviour","Risky behavior: Sexual activity","Risk","overall","overall",TRUE,75.75897495,NA,NA,"r","Ferguson, 2017","Mixed","General","Mixed or unclear",TRUE,NA,NA,NA,NA,NA,NA,FALSE,"overall","summary",0.0370196761678273,0.0180392609367734,2.05217255283236,0.0401528959113564,0.00166337442403128,0.0723759779116234,-0.0223389941609829,0.0963783464966376,22,73.8803148697372,12107,1461,0.0370027741488249,0.0878325748292331,-0.0034907109338175,0.179609689622775,NA,0.0370196761678273,0.0180392609367734,2.05217255283236,0.0401528959113564,0.00166337442403128,0.0723759779116234,-0.0223389941609829,0.0963783464966376,22,73.8803148697372,12107,1461,-0.383128166733204,0.701624736073752,0.0702197920132733,-0.10343521815041,0.243874802176957,6,7.69274376765811,0.779955784466038,"0.362; 0.363; 0.387; 0.386; 0.383; 0.383; 0.48; 0.334; 0.374; 0.384; 0.561; 0.332; 0.302; 0.207; 0.228; 0.336; 0.297; 0.326; 0.297; 0.326; 0.417; 0.229",0.775416526349871,0.0370196761678273,NA,"reanalysis",0.0370196761678273,12107,22,73.8803148697372,0.0180392609367734,0.00166337442403128,0.0723759779116234,-0.0223389941609829,0.0963783464966376,0.0401528959113564,"meets criteria"
7374,"7374_033",TRUE,0.082,0.05,0.113,NA,"r",25,17402,NA,"Screen use: Sexual content",NA,"psychology","psychology_risky behaviour","psychology_risky behaviour_sex behaviour","Risky behavior: Sexual activity","Risk","overall","overall",TRUE,76.64915353,NA,NA,"r","Ferguson, 2017","Mixed","General","Mixed or unclear",TRUE,0.082,0.05,0.113,0.0821845343929682,0.0500417292784913,0.113484684482983,TRUE,"overall","summary",0.0820741776157872,0.015461622904565,5.30825115334787,1.10682062984353e-07,0.0517699535803001,0.112378401651274,0.0311972941360686,0.132951061095506,25,75.0838124335513,18127,2251,0.081890384270293,0.101377619006082,0.0504940566830355,0.15296009660284,NA,0.0820741776157872,0.015461622904565,5.30825115334787,1.10682062984353e-07,0.0517699535803001,0.112378401651274,0.0311972941360686,0.132951061095506,25,75.0838124335513,18127,2251,-0.754900217724182,0.450308855143936,0.114424600184737,0.0251970112845473,0.203652189084926,11,12.9422218721289,0.849931341672367,"0.569; 0.571; 0.5; 0.463; 0.639; 0.668; 0.679; 0.716; 0.531; 0.537; 0.761; 0.212; 0.231; 0.578; 0.537; 0.536; 0.635; 0.474; 0.533; 0.709; 0.303; 0.334; 0.428; 0.465; 0.335",0.781531332315288,0.0820741776157872,0.0208804431135854,"reanalysis",0.0820741776157872,18127,25,75.0838124335513,0.015461622904565,0.0517699535803001,0.112378401651274,0.0311972941360686,0.132951061095506,1.10682062984353e-07,"meets criteria"
7374,"7374_031",TRUE,0.079,0.039,0.118,NA,"r",16,17019,NA,"Screen use: Sexual content",NA,"psychology","psychology_risky behaviour","psychology_risky behaviour_sex behaviour","Risky behavior: Sexual activity (initiation)","Risk","overall","overall",TRUE,82.71491127,NA,NA,"r","Ferguson, 2017","Mixed","General","Mixed or unclear",TRUE,0.079,0.039,0.118,0.0791649645014139,0.0390197910644675,0.118552298854127,TRUE,"overall","summary",0.0781045131416667,0.0211846917802844,3.68683736122867,0.000227058368166417,0.0365832802287274,0.119625746054606,0.0083957185402241,0.147813307743109,16,84.9504750370774,17019,4808,0.0779460790193307,0.0855063119892825,0.0300611805691243,0.14137005786781,NA,0.0781045131416667,0.0211846917802844,3.68683736122867,0.000227058368166417,0.0365832802287274,0.119625746054606,0.0083957185402241,0.147813307743109,16,84.9504750370774,17019,4808,-0.730779503623881,0.46491384484317,0.113663908001361,0.00946229090684635,0.217865525095876,8,8.85917041712577,0.903019089071263,"0.826; 0.524; 0.497; 0.463; 0.627; 0.654; 0.664; 0.7; 0.526; 0.531; 0.545; 0.528; 0.745; 0.221; 0.24; 0.569",0.765511321434107,0.0781045131416667,NA,"reanalysis",0.0781045131416667,17019,16,84.9504750370774,0.0211846917802844,0.0365832802287274,0.119625746054606,0.0083957185402241,0.147813307743109,0.000227058368166417,"meets criteria"
8556,"8556_119",TRUE,0.057,0.037,0.077,NA,"r = uncorrected sample-weighted mean effect size",12,3196,NA,"TV programs and movies: General",NA,"physical health","physical health_body composition","physical health_body composition_adiposity","Body composition","Risk","13-18","age",TRUE,0,NA,NA,"r","Marshall, 2004","Adolescents","General","Mixed or unclear",TRUE,0.057,0.037,0.077,0.0570618516183901,0.0370168982157009,0.0771527213267682,TRUE,"overall","summary",0.0623415704666684,0.0176073449240143,3.54065708008265,0.000399131968120245,0.0278318085522263,0.0968513323811105,0.00440413132360135,0.120279009609736,12,0.0408656709559204,3196,1007,0.0622609329121808,0.00751297107036677,-0.0571605679812021,0.0721867928432812,TRUE,0.0623415704666684,0.0176073449240143,3.54065708008265,0.000399131968120245,0.0278318085522263,0.0968513323811105,0.00440413132360135,0.120279009609736,12,0.0408656709559204,3196,1007,1.67581512581702,0.093774410424073,0.00862008202218199,-0.0630362351392754,0.0802763991836394,1,2.0805404651096,0.480644340626809,"0.091; 0.235; 0.096; 0.089; 0.089; 0.097; 0.107; 0.097; 0.107; 0.097; 0.465; 0.51",0.919734321883359,0.0623415704666684,NA,"reanalysis",0.0623415704666684,3196,12,0.0408656709559204,0.0176073449240143,0.0278318085522263,0.0968513323811105,0.00440413132360135,0.120279009609736,0.000399131968120245,"meets criteria"
20223,"20223_015",TRUE,0.19,0.06,0.33,"0.001","g+",38,1272,NA,"e-Books: Narration",NA,"education","education_learning","education_learning_general","Learning: General","Benefit","overall","overall",TRUE,51.46267874,0.07,NA,"d","Takacs, 2014","Mixed","General","Experimental",TRUE,0.0945741925264207,0.029986509105671,0.162798782993202,0.0948576814038144,0.0299955018215243,0.164260338916376,TRUE,"overall","summary",0.107925978054372,0.0314031814123618,3.4367848479163,0.000588663007673928,0.0463768734861651,0.169475082622579,0.00459297016310603,0.211258985945638,50,56.9762037376541,2288,128,0.107508880092603,-0.117604294791048,-0.335905148248649,0.0996030982008708,NA,0.107925978054372,0.0314031814123618,3.4367848479163,0.000588663007673928,0.0463768734861651,0.169475082622579,0.00459297016310603,0.211258985945638,50,56.9762037376541,2288,128,0.308359209481053,0.757809016774865,0.0689099698268558,-0.186893734026109,0.324713673679821,12,12.2283067942606,0.981329647832538,"0.253; 0.091; 0.157; 0.22; 0.175; 0.394; 0.246; 0.165; 0.169; 0.251; 0.251; 0.379; 0.248; 0.172; 0.323; 0.268; 0.271; 0.193; 0.198; 0.137; 0.339; 0.339; 0.296; 0.284; 0.343; 0.336; 0.334; 0.261; 0.263; 0.25; 0.249; 0.275; 0.224; 0.284; 0.428; 0.198; 0.188; 0.142; 0.153; 0.245; 0.245; 0.242; 0.256; 0.293; 0.224; 0.16; 0.2; 0.301; 0.137; 0.181",0.529939134881534,0.107925978054372,NA,"reanalysis",0.107925978054372,2288,50,56.9762037376541,0.0314031814123618,0.0463768734861651,0.169475082622579,0.00459297016310603,0.211258985945638,0.000588663007673928,"meets criteria"
34220,"34220_002",TRUE,-0.05,NA,NA,NA,"correlation",274,87025,NA,"TV programs and movies: General",NA,"education","education_learning","education_learning_general","Learning: General","Benefit","overall","overall",TRUE,NA,NA,NA,"r","Williams, 1982","Mixed","General","Mixed or unclear",TRUE,-0.05,NA,NA,-0.0500417292784913,NA,NA,TRUE,"overall","summary",-0.0869708091101176,0.0218777807237109,-3.97530308071237,7.02896836415397e-05,-0.129850471390256,-0.0440911468299796,-0.158960231407206,-0.0149813868130287,23,96.3235276619969,86507,33233,-0.0867521904039264,-0.0317614590177819,-0.075958941903611,0.0124146504957367,NA,-0.0869708091101176,0.0218777807237109,-3.97530308071237,7.02896836415397e-05,-0.129850471390256,-0.0440911468299796,-0.158960231407206,-0.0149813868130287,23,96.3235276619969,86507,33233,0.0926551859499838,0.926177500221935,-0.089518611893328,-0.15954321790115,-0.0194940058855058,13,12.6736742604937,1.02574831361443,"0.438; 0.228; 0.71; 0.219; 0.19; 0.351; 0.754; 0.893; 0.837; 0.738; 0.94; 0.577; 0.371; 0.353; 0.795; 0.826; 0.415; 0.506; 0.911; 0.305; 0.187; 0.894; 0.233",0.445593822974708,-0.0869708091101176,NA,"reanalysis",-0.0869708091101176,86507,23,96.3235276619969,0.0218777807237109,-0.129850471390256,-0.0440911468299796,-0.158960231407206,-0.0149813868130287,7.02896836415397e-05,"meets criteria"
35660,"35660_003",TRUE,0.118,0.066,0.171,NA,"Cohen's d",33,7690,NA,"Intervention: Health behaviours",NA,"health behaviour","health behaviour_general","health behaviour_general","Healthy behavior: General","Benefit","overall","overall",TRUE,45.90294352,NA,NA,"d","Cushing, 2010","Mixed","General","Mixed or unclear",TRUE,0.0588975778212699,0.0329820461624668,0.0851891898530834,0.0589658236751511,0.0329940134332533,0.0853961701361805,TRUE,"overall","summary",0.113697770032504,0.0311805317440044,3.64643460752933,0.000265904105089633,0.0525850507954478,0.174810489269561,0.0110973968267263,0.216298143238282,33,88.2276755949784,9525,1578,0.113210359591777,0.153333531315152,0.0541127912783037,0.254992122258227,NA,0.113697770032504,0.0311805317440044,3.64643460752933,0.000265904105089633,0.0525850507954478,0.174810489269561,0.0110973968267263,0.216298143238282,33,88.2276755949784,9525,1578,1.28764888070944,0.197868215707004,0.0352066858376783,-0.099573077975711,0.169986449651068,13,15.142781731443,0.858494841341229,"0.866; 0.209; 0.332; 0.106; 0.416; 0.345; 0.339; 0.366; 0.348; 0.622; 0.437; 0.668; 0.662; 0.479; 0.386; 0.599; 0.638; 0.188; 0.171; 0.278; 0.483; 0.805; 0.804; 0.483; 0.435; 0.502; 0.549; 0.412; 0.667; 0.374; 0.309; 0.455; 0.408",0.772938024170191,0.113697770032504,NA,"reanalysis",0.113697770032504,9525,33,88.2276755949784,0.0311805317440044,0.0525850507954478,0.174810489269561,0.0110973968267263,0.216298143238282,0.000265904105089633,"meets criteria"
37653,"37653_002",TRUE,0.28,0.13,0.43,NA,"Cohen's d",85,36793,NA,"Intervention: Mathematics",NA,"education","education_numeracy","education_numeracy_general","Numeracy: General","Benefit","overall","overall",TRUE,0,NA,NA,"d","Li, 2010","Mixed","General","Experimental",TRUE,0.138647844534406,0.0648631210826801,0.210196709523022,0.139546653905865,0.0649543159702414,0.213377140086069,TRUE,"overall","summary",0.270953745850685,0.0307617302648431,8.80814386960384,1.27235069258663e-18,0.210661862429457,0.331245629271913,0.169731450107275,0.372176041594094,85,97.0972694556826,36793,6542,0.264512074493875,0.112157489074817,0.0781851542723763,0.147077562674242,NA,0.270953745850685,0.0307617302648431,8.80814386960384,1.27235069258663e-18,0.210661862429457,0.331245629271913,0.169731450107275,0.372176041594094,85,97.0972694556826,36793,6542,-0.68328575037939,0.49442629661179,0.306668160269206,0.18762580286762,0.425710517670792,50,59.5500246101616,0.839630215559441,"0.81; 0.669; 0.655; 0.653; 0.679; 0.531; 0.768; 0.768; 0.535; 0.892; 0.523; 0.842; 0.835; 0.511; 0.643; 0.413; 0.357; 0.635; 0.535; 0.671; 0.139; 0.734; 0.632; 0.432; 0.512; 0.606; 0.591; 0.645; 0.669; 0.887; 0.897; 0.919; 0.924; 0.926; 0.93; 0.586; 0.645; 0.814; 0.865; 0.606; 0.797; 0.654; 0.452; 0.434; 0.823; 0.803; 0.357; 0.735; 0.739; 0.732; 0.746; 0.784; 0.752; 0.732; 0.789; 0.752; 0.697; 0.743; 0.756; 0.716; 0.724; 0.855; 0.804; 0.546; 0.596; 0.731; 0.768; 0.882; 0.882; 0.842; 0.431; 0.553; 0.631; 0.73; 0.561; 0.669; 0.615; 0.957; 0.958; 0.882; 0.879; 0.799; 0.669; 0.914; 0.795",0.988141109910923,0.270953745850685,NA,"reanalysis",0.270953745850685,36793,85,97.0972694556826,0.0307617302648431,0.210661862429457,0.331245629271913,0.169731450107275,0.372176041594094,1.27235069258663e-18,"meets criteria"
39489,"39489_017",TRUE,-0.234,-0.37,-0.099,NA,"Standardised mean difference",10,1233,NA,"Video games: Physically active",NA,"physical health","physical health_body composition","physical health_body composition_bmi","Body composition","Risk","overall","overall",TRUE,22.57,NA,NA,"d","Ameryoun, 2018","Mixed","Overweight and obese","Experimental",TRUE,NA,NA,NA,NA,NA,NA,FALSE,"overall","summary",-0.116237851977533,0.0327764591084209,-3.54638222490815,0.000390559276212107,-0.180478531370788,-0.051997172584278,-0.224089666837443,-0.00838603711762274,10,16.0228398285009,1233,322,-0.115717160103473,-0.0635922134258928,-0.215043104621964,0.0876868172588944,NA,-0.116237851977533,0.0327764591084209,-3.54638222490815,0.000390559276212107,-0.180478531370788,-0.051997172584278,-0.224089666837443,-0.00838603711762274,10,16.0228398285009,1233,322,-0.597705442264636,0.550036493476046,-0.0790721167466213,-0.21396220891607,0.0558179754228271,3,2.5726004985862,1.16613520118988,"0.292; 0.535; 0.09; 0.139; 0.099; 0.479; 0.176; 0.545; 0.101; 0.117",0.505266128301869,-0.116237851977533,-0.0537913029696742,"reanalysis",-0.116237851977533,1233,10,16.0228398285009,0.0327764591084209,-0.180478531370788,-0.051997172584278,-0.224089666837443,-0.00838603711762274,0.000390559276212107,"meets criteria"
41430,"41430_001",TRUE,0.37,NA,NA,NA,"Cohen's d",17,2008,NA,"Video games: Numeracy",NA,"education","education_numeracy","education_numeracy_general","Numeracy: General","Benefit","overall","overall",TRUE,NA,NA,NA,"d","Byun, 2018","Mixed","General","Mixed or unclear",TRUE,0.181913199610981,NA,NA,0.183960658083038,NA,NA,TRUE,"overall","summary",0.321282896576271,0.0568494757719867,5.65146630137594,1.59084878576278e-08,0.209859971523194,0.432705821629347,0.134218176877248,0.508347616275293,25,88.0654552738352,2008,245,0.31066646225913,0.0392993760812815,-0.0417564470797257,0.120395700490749,NA,0.321282896576271,0.0568494757719867,5.65146630137594,1.59084878576278e-08,0.209859971523194,0.432705821629347,0.134218176877248,0.508347616275293,25,88.0654552738352,2008,245,0.17231868866468,0.863186992684179,0.291020164106347,-0.0717510981485285,0.653791426361222,12,16.9123089435991,0.709542383598764,"0.817; 0.667; 0.721; 0.795; 0.789; 0.736; 0.37; 0.544; 0.561; 0.754; 0.736; 0.486; 0.628; 0.791; 0.595; 0.816; 0.643; 0.634; 0.67; 0.793; 0.67; 0.667; 0.708; 0.619; 0.7",0.982140397009258,0.321282896576271,NA,"reanalysis",0.321282896576271,2008,25,88.0654552738352,0.0568494757719867,0.209859971523194,0.432705821629347,0.134218176877248,0.508347616275293,1.59084878576278e-08,"meets criteria"
42168,"42168_002",TRUE,0.677,0.491,0.863,"0","hedge's g",15,1560,NA,"Intervention: Augmented reality",NA,"education","education_learning","education_learning_general","Learning: General","Benefit","overall","overall",TRUE,60.776,NA,NA,"d","Tekedere, 2016","Mixed","General","Mixed or unclear",TRUE,0.32062886064059,0.238420288182031,0.396189771354454,0.332347868242963,0.24309852052467,0.419121127933381,TRUE,"overall","summary",0.334644952469608,0.0447424222513396,7.47936601621045,7.46820073824239e-14,0.246951416275899,0.422338488663317,0.187418816019877,0.481871088919339,15,68.9716892830238,1474,482,0.32268827761814,0.360855572000805,0.239909244279585,0.51582918296492,TRUE,0.334644952469608,0.0447424222513396,7.47936601621045,7.46820073824239e-14,0.246951416275899,0.422338488663317,0.187418816019877,0.481871088919339,15,68.9716892830238,1474,482,-1.57977766455538,0.114157792370797,0.53913699507978,0.273300454399473,0.804973535760087,10,11.1688720796082,0.895345557610754,"0.612; 0.829; 0.681; 0.924; 0.865; 0.97; 0.702; 0.663; 0.544; 0.617; 0.658; 0.674; 0.85; 0.836; 0.744",0.848889228020692,0.334644952469608,0.192109241679873,"reanalysis",0.334644952469608,1474,15,68.9716892830238,0.0447424222513396,0.246951416275899,0.422338488663317,0.187418816019877,0.481871088919339,7.46820073824239e-14,"meets criteria"
47429,"47429_001",TRUE,0.21,0.16,0.25,NA,"Weighted mean correlation coefficient",27,67407,NA,"Social Media: General",NA,"psychology","psychology_risky behaviour","psychology_risky behaviour_risky behaviour_general","Risky behavior: Risk taking (general)","Risk","overall","overall",TRUE,97,NA,NA,"r","Vannucci, 2020","Adolescents","General","Mixed or unclear",TRUE,0.21,0.16,0.25,0.21317134656486,0.161386696131526,0.255412811882995,TRUE,"overall","summary",0.205774909607051,0.0227930914725078,9.02795085323327,1.7491635562591e-19,0.161101271224609,0.250448547989493,0.130773632823424,0.280776186390678,27,97.0249805219815,66407,13284,0.202918876273332,0.198180471917271,0.140840198903547,0.26083565754862,TRUE,0.205774909607051,0.0227930914725078,9.02795085323327,1.7491635562591e-19,0.161101271224609,0.250448547989493,0.130773632823424,0.280776186390678,27,97.0249805219815,66407,13284,0.273465568323194,0.784495356442419,0.1951371984621,0.106277946736584,0.283996450187616,26,23.8361430018254,1.09078050077183,"0.94; 0.888; 0.907; 0.95; 0.798; 0.948; 0.924; 0.96; 0.931; 0.859; 0.834; 0.948; 0.721; 0.975; 0.511; 0.911; 0.88; 0.87; 0.893; 0.811; 0.978; 0.862; 0.962; 0.765; 0.978; 0.9; 0.933",0.144056047228312,0.205774909607051,0.195275462914273,"reanalysis",0.205774909607051,66407,27,97.0249805219815,0.0227930914725078,0.161101271224609,0.250448547989493,0.130773632823424,0.280776186390678,1.7491635562591e-19,"meets criteria"
47429,"47429_003",TRUE,0.21,0.15,0.28,NA,"Weighted mean correlation coefficient",14,23096,NA,"Social Media: General",NA,"psychology","psychology_risky behaviour","psychology_risky behaviour_sex risky behaviour","Risky behavior: Risky sexual behaviour","Risk","overall","overall",TRUE,95,NA,NA,"r","Vannucci, 2020","Adolescents","General","Mixed or unclear",TRUE,0.21,0.15,0.28,0.21317134656486,0.151140435936467,0.287682072451781,TRUE,"overall","summary",0.208654873100728,0.037075906493418,5.62777536235749,1.82548605052718e-08,0.135987431679454,0.281322314522002,0.086655611689842,0.330654134511614,14,96.2479910808955,23096,10930,0.205678633758221,0.0395937946578358,-0.0768405114363406,0.156069519682802,FALSE,0.208654873100728,0.037075906493418,5.62777536235749,1.82548605052718e-08,0.135987431679454,0.281322314522002,0.086655611689842,0.330654134511614,14,96.2479910808955,23096,10930,0.279178537188763,0.780107813909622,0.184090741125972,-0.00426017087795955,0.372441653129903,13,11.9072611561568,1.09177079678631,"0.889; 0.781; 0.949; 0.915; 0.839; 0.815; 0.711; 0.967; 0.858; 0.793; 0.843; 0.751; 0.881; 0.917",0.352753600953553,0.208654873100728,0.145481387198502,"reanalysis",0.208654873100728,23096,14,96.2479910808955,0.037075906493418,0.135987431679454,0.281322314522002,0.086655611689842,0.330654134511614,1.82548605052718e-08,"meets criteria"
47429,"47429_002",TRUE,0.19,0.12,0.26,NA,"Weighted mean correlation coefficient",14,36228,NA,"Social Media: General",NA,"health behaviour","psychology_risky behaviour","psychology_risky behaviour_substance use general","Risky behavior: Substance abuse","Risk","overall","overall",TRUE,98,NA,NA,"r","Vannucci, 2020","Adolescents","General","Mixed or unclear",TRUE,0.19,0.12,0.26,0.192337169219545,0.120581028408444,0.266108406873654,TRUE,"overall","summary",0.188212665454895,0.0269208117672966,6.99134435773353,2.7226456246186e-12,0.135448843956412,0.240976486953379,0.0996290147011444,0.276796316208646,14,96.0936149353588,36228,10072,0.186021295447952,0.236898532228291,0.149500978164336,0.333470355835707,TRUE,0.188212665454895,0.0269208117672966,6.99134435773353,2.7226456246186e-12,0.135448843956412,0.240976486953379,0.0996290147011444,0.276796316208646,14,96.0936149353588,36228,10072,-0.042513210692555,0.966089580662331,0.189958806493157,0.0936753647498763,0.286242248236438,13,12.5372226178535,1.03691227285759,"0.955; 0.886; 0.953; 0.951; 0.927; 0.963; 0.951; 0.461; 0.912; 0.878; 0.866; 0.892; 0.98; 0.965",0.557612196184484,0.188212665454895,0.112285378422697,"reanalysis",0.188212665454895,36228,14,96.0936149353588,0.0269208117672966,0.135448843956412,0.240976486953379,0.0996290147011444,0.276796316208646,2.7226456246186e-12,"meets criteria"
47569,"47569_001",TRUE,-0.29,-0.65,0.08,NA,"Cohen's d",18,5947,NA,"Screen use: General",NA,"education","education_learning","education_learning_academic performance","Learning: General","Benefit","overall","overall",TRUE,96.4,NA,NA,"d","Adelantado-Renau, 2019","Mixed","General","Cross-sectional",TRUE,-0.143499310466994,-0.309086072337558,0.0399680383488716,-0.144496643818822,-0.319534632000572,0.039989341006027,TRUE,"overall","summary",-0.113236804080358,0.0626746660461762,-1.80673964815273,0.07080288266347,-0.236076892273939,0.0096032841132223,-0.319469468092629,0.0929958599319118,18,98.4639940942215,13100,3095,-0.112755277932465,-0.285707626679312,-0.559429627479333,-0.0283425355544411,NA,-0.113236804080358,0.0626746660461762,-1.80673964815273,0.07080288266347,-0.236076892273939,0.0096032841132223,-0.319469468092629,0.0929958599319118,18,98.4639940942215,13100,3095,0.402509481620975,0.68730911178245,-0.174527514760499,-0.498373614308569,0.149318584787572,14,13.9948670509152,1.00036677369396,"0.687; 0.638; 0.807; 0.625; 0.594; 0.932; 0.889; 0.805; 0.809; 0.824; 0.805; 0.811; 0.803; 0.819; 0.802; 0.806; 0.709; 0.828",0.630068692140031,-0.113236804080358,NA,"reanalysis",-0.113236804080358,13100,18,98.4639940942215,0.0626746660461762,-0.236076892273939,0.0096032841132223,-0.319469468092629,0.0929958599319118,0.07080288266347,"meets criteria"
47569,"47569_002",TRUE,-0.19,-0.29,-0.09,NA,"Cohen's d",18,94876,NA,"TV programs and movies: General",NA,"education","education_learning","education_learning_academic performance","Learning: General","Benefit","overall","overall",TRUE,97.5,NA,NA,"d","Adelantado-Renau, 2019","Mixed","General","Cross-sectional",TRUE,-0.0945741925264207,-0.143499310466994,-0.0449545065814817,-0.0948576814038144,-0.144496643818822,-0.0449848263229507,TRUE,"overall","summary",-0.0954472377667047,0.0287967503295805,-3.31451419602231,0.000918025182629064,-0.151887831284474,-0.0390066442489351,-0.190203714506287,-0.000690761027122136,18,97.5221493471624,62135,28051,-0.0951584430897259,-0.146299714256816,-0.198604703600494,-0.0961095115184154,NA,-0.0954472377667047,0.0287967503295805,-3.31451419602231,0.000918025182629064,-0.151887831284474,-0.0390066442489351,-0.190203714506287,-0.000690761027122136,18,97.5221493471624,62135,28051,-0.650822661613012,0.515160969797748,-0.0577941103077786,-0.185159033745176,0.0695708131296192,11,12.8989580722527,0.852782057154092,"0.48; 0.839; 0.84; 0.573; 0.63; 0.909; 0.945; 0.668; 0.654; 0.612; 0.838; 0.838; 0.737; 0.574; 0.546; 0.634; 0.792; 0.789",0.903200532316556,-0.0954472377667047,NA,"reanalysis",-0.0954472377667047,62135,18,97.5221493471624,0.0287967503295805,-0.151887831284474,-0.0390066442489351,-0.190203714506287,-0.000690761027122136,0.000918025182629064,"meets criteria"
47569,"47569_005",TRUE,-0.15,-0.22,-0.08,NA,"Cohen's d",10,7928,NA,"Video games: General",NA,"education","education_learning","education_learning_academic performance","Learning: General","Benefit","overall","overall",TRUE,63,NA,NA,"d","Adelantado-Renau, 2019","Mixed","General","Cross-sectional",TRUE,-0.0747899482416342,-0.109340479152898,-0.0399680383488716,-0.0749298648848772,-0.109779365920543,-0.039989341006027,TRUE,"overall","summary",-0.0787248061060703,0.0202416340599829,-3.88925152350753,0.000100553861818278,-0.118397679851876,-0.0390519323602646,-0.145330444069521,-0.0121191681426199,10,40.0286572761956,4276,768,-0.0785625734510302,-0.0834231523920759,-0.267995674305927,0.100760693950713,NA,-0.0787248061060703,0.0202416340599829,-3.88925152350753,0.000100553861818278,-0.118397679851876,-0.0390519323602646,-0.145330444069521,-0.0121191681426199,10,40.0286572761956,4276,768,-0.0291580245689119,0.976738558528675,-0.07660846572399,-0.220425380079074,0.0672084486310939,4,3.87102941173465,1.03331687118532,"0.293; 0.496; 0.115; 0.506; 0.567; 0.28; 0.402; 0.402; 0.348; 0.463",0.590274895064597,-0.0787248061060703,-0.0357118695870459,"reanalysis",-0.0787248061060703,4276,10,40.0286572761956,0.0202416340599829,-0.118397679851876,-0.0390519323602646,-0.145330444069521,-0.0121191681426199,0.000100553861818278,"meets criteria"
47594,"47594_001",TRUE,0.3,0.22,0.37,NA,"Hedge's g",15,2815,NA,"Advertising: Advergames",NA,"health behaviour","health behaviour_dietary","health behaviour_dietary_food intake","Diet: Food intake (calories)","Risk","overall","overall",TRUE,89,NA,NA,"d","Folkvord, 2018","Mixed","General","Experimental",TRUE,0.148340452930245,0.109340479152898,0.181913199610981,0.149443120184958,0.109779365920543,0.183960658083038,TRUE,"overall","summary",0.179127462832928,0.0382967250309017,4.6773572071343,2.90595795083436e-06,0.104067261046527,0.254187664619329,0.0531110653901516,0.305143860275705,15,81.8689737319598,3842,940,0.177235870459945,0.0154087580540045,-0.22020773748599,0.251027692940662,NA,0.179127462832928,0.0382967250309017,4.6773572071343,2.90595795083436e-06,0.104067261046527,0.254187664619329,0.0531110653901516,0.305143860275705,15,81.8689737319598,3842,940,0.195856486707074,0.844722496154584,0.159080679738932,-0.0561134959272123,0.374274855405077,9,9.34747715094704,0.962826638103968,"0.692; 0.758; 0.711; 0.694; 0.474; 0.535; 0.693; 0.567; 0.409; 0.695; 0.84; 0.579; 0.675; 0.275; 0.75",0.6876965330341,0.179127462832928,0.0621095551897798,"reanalysis",0.179127462832928,3842,15,81.8689737319598,0.0382967250309017,0.104067261046527,0.254187664619329,0.0531110653901516,0.305143860275705,2.90595795083436e-06,"meets criteria"
47783,"47783_001",TRUE,-0.14,-0.18,-0.1,NA,"Correlation coefficient",38,18318,NA,"Screen use: General",NA,"education","education_literacy","education_literacy_language abilities","Literacy: General","Benefit","overall","overall",TRUE,83.67,NA,NA,"r","Madigan, 2020","Mixed","General","Observational",TRUE,-0.14,-0.18,-0.1,-0.140925576070494,-0.181982688600706,-0.100335347731076,TRUE,"overall","summary",-0.14447671419212,0.0270706139393381,-5.33703131062614,9.44807294940369e-08,-0.197534142552611,-0.0914192858316294,-0.233553292997409,-0.0554001353868308,38,90.9142124603019,18318,2335,-0.143479791176383,-0.030373750971923,-0.0893086115575925,0.028542418098232,FALSE,-0.14447671419212,0.0270706139393381,-5.33703131062614,9.44807294940369e-08,-0.197534142552611,-0.0914192858316294,-0.233553292997409,-0.0554001353868308,38,90.9142124603019,18318,2335,-0.83279085371943,0.404962693948512,-0.106996260292174,-0.209804667639714,-0.00418785294463349,20,20.2995122032521,0.985245349727952,"0.792; 0.23; 0.275; 0.229; 0.848; 0.449; 0.675; 0.608; 0.845; 0.523; 0.764; 0.195; 0.836; 0.385; 0.401; 0.45; 0.856; 0.864; 0.861; 0.29; 0.611; 0.502; 0.611; 0.569; 0.778; 0.618; 0.567; 0.653; 0.676; 0.302; 0.339; 0.421; 0.396; 0.289; 0.672; 0.406; 0.308; 0.204",0.53879669131472,-0.14447671419212,-0.0497940152968785,"reanalysis",-0.14447671419212,18318,38,90.9142124603019,0.0270706139393381,-0.197534142552611,-0.0914192858316294,-0.233553292997409,-0.0554001353868308,9.44807294940369e-08,"meets criteria"
47783,"47783_022",TRUE,0.16,0.07,0.24,NA,"Correlation coefficient",12,6083,NA,"Screen use: General (coviewing)",NA,"education","education_literacy","education_literacy_language abilities","Literacy: General","Benefit","overall","overall",TRUE,92.81,NA,NA,"r","Madigan, 2020","Mixed","General","Observational",TRUE,0.16,0.07,0.24,0.161386696131526,0.0701146706543251,0.244774112659353,TRUE,"overall","summary",0.148443462459183,0.0677047384864852,2.19251216056043,0.028342545995168,0.015744613442969,0.281142311475397,-0.0743407893792648,0.37122771429763,12,95.9791802486038,6083,2335,0.147362647890054,0.0521896281698896,-0.138480774520074,0.242954953956771,NA,0.148443462459183,0.0677047384864852,2.19251216056043,0.028342545995168,0.015744613442969,0.281142311475397,-0.0743407893792648,0.37122771429763,12,95.9791802486038,6083,2335,-0.990469667419899,0.321944608021069,0.302383915744883,-0.0302259015744027,0.634993733064169,4,7.9480482723549,0.503268206600217,"0.874; 0.546; 0.467; 0.548; 0.885; 0.672; 0.675; 0.709; 0.725; 0.775; 0.539; 0.533",0.997181303023309,0.148443462459183,NA,"reanalysis",0.148443462459183,6083,12,95.9791802486038,0.0677047384864852,0.015744613442969,0.281142311475397,-0.0743407893792648,0.37122771429763,0.028342545995168,"meets criteria"
47783,"47783_015",TRUE,0.13,0.02,0.24,NA,"Correlation coefficient",13,1955,NA,"TV programs and movies: Educational",NA,"education","education_literacy","education_literacy_language abilities","Literacy: General","Benefit","overall","overall",TRUE,82.12,NA,NA,"r","Madigan, 2020","Mixed","General","Observational",TRUE,0.13,0.02,0.24,0.130739850028878,0.0200026673068496,0.244774112659353,TRUE,"overall","summary",0.131004151848905,0.0522163882519824,2.5088704185497,0.0121117905978326,0.028661911472259,0.233346392225551,-0.0408152695162025,0.302823573214012,13,81.2516361548898,1955,384,0.130259826185788,0.275919736978781,-0.0750570792851335,0.641577392389517,NA,0.131004151848905,0.0522163882519824,2.5088704185497,0.0121117905978326,0.028661911472259,0.233346392225551,-0.0408152695162025,0.302823573214012,13,81.2516361548898,1955,384,-1.70318817801553,0.0885328583268867,0.358626482264516,0.0816755544965153,0.635577410032517,3,5.98242991463463,0.501468473982653,"0.444; 0.2; 0.376; 0.3; 0.595; 0.645; 0.69; 0.397; 0.397; 0.637; 0.457; 0.444; 0.399",0.981513099067373,0.131004151848905,NA,"reanalysis",0.131004151848905,1955,13,81.2516361548898,0.0522163882519824,0.028661911472259,0.233346392225551,-0.0408152695162025,0.302823573214012,0.0121117905978326,"meets criteria"
48050,"48050_001",TRUE,-0.191,-0.386,0.003,"0.053","Standardised mean difference",19,1272,NA,"Video games: Physically active",NA,"physical health","physical health_body composition","physical health_body composition_bmi","Body composition","Risk","overall","overall",TRUE,82.91,NA,NA,"d","Hernandez-Jimenez, 2019","Mixed","General","Experimental",TRUE,-0.0950674644483535,-0.189502872142716,0.00149999831250285,-0.0953554285758106,-0.191821473409119,0.00149999943750057,TRUE,"overall","summary",-0.121088358913024,0.0680147358289181,-1.7803253579872,0.0750227294725644,-0.254394791555709,0.0122180737296619,-0.344892665293438,0.102715947467391,19,86.8237388184474,1347,258,-0.120499994462923,-0.0758665160542265,-0.435599673637722,0.283574520675889,NA,-0.121088358913024,0.0680147358289181,-1.7803253579872,0.0750227294725644,-0.254394791555709,0.0122180737296619,-0.344892665293438,0.102715947467391,19,86.8237388184474,1347,258,1.8991314920231,0.0575471894258693,-0.390295998980928,-0.691545152305082,-0.0890468456567728,2,7.74610277541795,0.258194353726747,"0.272; 0.272; 0.236; 0.337; 0.206; 0.218; 0.259; 0.633; 0.372; 0.346; 0.346; 0.474; 0.678; 0.679; 0.312; 0.327; 0.628; 0.811; 0.338",0.999724454678273,-0.121088358913024,NA,"reanalysis",-0.121088358913024,1347,19,86.8237388184474,0.0680147358289181,-0.254394791555709,0.0122180737296619,-0.344892665293438,0.102715947467391,0.0750227294725644,"meets criteria"
50271,"50271_001",TRUE,0.46,0.35,0.57,NA,"Cohen's d",79,4206,NA,"Intervention: Education (touch screen)",NA,"education","education_learning","education_learning_general","Learning: General","Benefit","overall","overall",TRUE,91,NA,NA,"d","Xie, 2018","Young","General","Experimental",TRUE,0.224147692921427,0.172380331752248,0.274085979637935,0.228018971902582,0.174118860824002,0.28127637161931,TRUE,"overall","summary",0.212970796401119,0.032198680310593,6.61427096846123,3.73387252680461e-11,0.149862542642638,0.2760790501596,0.107020178120351,0.318921414681887,79,85.2479080511414,5810,389,0.209808286026914,0.23046659068852,0.158592130518599,0.310772218693604,TRUE,0.212970796401119,0.032198680310593,6.61427096846123,3.73387252680461e-11,0.149862542642638,0.2760790501596,0.107020178120351,0.318921414681887,79,85.2479080511414,5810,389,-0.766867311262202,0.443160410782492,0.273708906101189,0.106082553963495,0.441335258238884,36,38.0627956080807,0.945805462391135,"0.408; 0.452; 0.688; 0.741; 0.538; 0.749; 0.698; 0.635; 0.443; 0.297; 0.314; 0.455; 0.272; 0.466; 0.595; 0.425; 0.533; 0.563; 0.465; 0.31; 0.263; 0.25; 0.324; 0.377; 0.365; 0.456; 0.335; 0.484; 0.455; 0.55; 0.837; 0.785; 0.762; 0.74; 0.725; 0.686; 0.605; 0.473; 0.541; 0.494; 0.431; 0.447; 0.434; 0.438; 0.677; 0.74; 0.719; 0.818; 0.426; 0.428; 0.154; 0.152; 0.627; 0.57; 0.366; 0.305; 0.309; 0.302; 0.546; 0.433; 0.505; 0.393; 0.447; 0.428; 0.405; 0.561; 0.517; 0.336; 0.522; 0.487; 0.359; 0.572; 0.375; 0.361; 0.395; 0.395; 0.378; 0.327; 0.424",0.6788454883329,0.212970796401119,0.0708967046781765,"reanalysis",0.212970796401119,5810,79,85.2479080511414,0.032198680310593,0.149862542642638,0.2760790501596,0.107020178120351,0.318921414681887,3.73387252680461e-11,"meets criteria"
53160,"53160_001",TRUE,0.12,0.04,0.2,NA,"Fisher's Z",12,93740,"Social media use","Social Media: General","Depressive symptoms","psychology","psychology_affect","psychology_affect_depression","Psychological health: Depression","Risk","Overall","Overall",TRUE,97.38,NA,NA,"z","Ivie, 2020","Adolescents","General","Observational",TRUE,0.119427298534386,0.0399786803111636,0.197375320224904,0.12,0.04,0.2,TRUE,"overall","summary",0.121823722265635,0.0348062332443324,3.50005475773429,0.000465162594974546,0.053604758669243,0.190042685862028,0.00729288135261758,0.236354563178653,12,97.4716879681344,93740,75371,0.121224615816555,0.0690382926272514,0.0255019077377322,0.112794677835749,NA,0.121823722265635,0.0348062332443324,3.50005475773429,0.000465162594974546,0.053604758669243,0.190042685862028,0.00729288135261758,0.236354563178653,12,97.4716879681344,93740,75371,-0.49346178594169,0.62168633480292,0.147735654692736,0.021764235711233,0.27370707367424,9,8.32027752883571,1.08169468732366,"0.317; 0.819; 0.581; 0.972; 0.809; 0.645; 0.435; 0.802; 0.928; 0.73; 0.523; 0.76",0.463150039195729,0.121823722265635,NA,"reanalysis",0.121823722265635,93740,12,97.4716879681344,0.0348062332443324,0.053604758669243,0.190042685862028,0.00729288135261758,0.236354563178653,0.000465162594974546,"meets criteria"
55554,"55554_001",TRUE,0.18,0.12,0.24,NA,"standardised mean difference",15,53029,"technology-supported personalised learning","Intervention: Literacy (Abracadabra)","Learning outcomes","education","education_learning","education_learning_academic performance","Learning: General","Benefit","Overall","Overall",TRUE,83.59,NA,NA,"d","Major, 2021","Mixed","General","Experimental",TRUE,0.0896376994958906,0.0598922907279467,0.119145220618431,0.0898789407439468,0.0599640581953339,0.119713850398777,TRUE,"overall","summary",0.0889128242944612,0.0147722722442337,6.01889965365132,1.75606683808699e-09,0.0599597027259425,0.11786594586298,0.0403042675899345,0.137521380998988,15,89.562662471614,52377,11890,0.0886792630092127,0.0886687008630964,0.0441801556984693,0.133624201179902,NA,0.0889128242944612,0.0147722722442337,6.01889965365132,1.75606683808699e-09,0.0599597027259425,0.11786594586298,0.0403042675899345,0.137521380998988,15,89.562662471614,52377,11890,1.2832715740449,0.199396947943933,0.0601063998798494,0.00777644037135842,0.11243635938834,10,11.1109671467623,0.900011661263349,"0.938; 0.902; 0.743; 0.905; 0.324; 0.779; 0.855; 0.781; 0.895; 0.889; 0.829; 0.577; 0.371; 0.414; 0.908",0.860644280252894,0.0889128242944612,0.0272868578857382,"reanalysis",0.0889128242944612,52377,15,89.562662471614,0.0147722722442337,0.0599597027259425,0.11786594586298,0.0403042675899345,0.137521380998988,1.75606683808699e-09,"meets criteria"
55554,"55554_004",TRUE,0.19,0.12,0.26,NA,"standardised mean difference",12,44550,"technology-supported personalised learning","Intervention: Literacy (Abracadabra)","Learning outcomes","education","education_learning","education_learning_academic performance","Learning: General","Benefit","Technology only","Delivery Type",TRUE,NA,NA,NA,"d","Major, 2021","Mixed","General","Experimental",TRUE,NA,NA,NA,NA,NA,NA,FALSE,"overall","summary",0.0910398101574588,0.0169991402442163,5.35555380151851,8.52947611736482e-08,0.0577221075106495,0.124357512804268,0.0351036847714855,0.146975935543432,12,90.8831097426628,44550,11890,0.0907891210883525,0.0970678806939175,0.0423163534241912,0.152432605244998,NA,0.0910398101574588,0.0169991402442163,5.35555380151851,8.52947611736482e-08,0.0577221075106495,0.124357512804268,0.0351036847714855,0.146975935543432,12,90.8831097426628,44550,11890,1.11082075174166,0.266645512258407,0.0607754012835194,-0.00230423010734823,0.123855032674387,8,9.18100357576962,0.871364435704338,"0.937; 0.901; 0.783; 0.855; 0.785; 0.894; 0.888; 0.831; 0.588; 0.384; 0.428; 0.907",0.896857260540022,0.0910398101574588,NA,"reanalysis",0.0910398101574588,44550,12,90.8831097426628,0.0169991402442163,0.0577221075106495,0.124357512804268,0.0351036847714855,0.146975935543432,8.52947611736482e-08,"meets criteria"
55569,"55569_001",TRUE,0.187,0.05,0.32,"0.006","Hedge's g",13,3273,"ABRACADABRA Software","Intervention: Literacy (Abracadabra)","Phonics","education","education_literacy","education_literacy_reading_phonics","Literacy: Phonics","Benefit","Overall","Overall",TRUE,50.47,NA,NA,"d","Abrami, 2020","Children","General","Experimental",TRUE,0.0930939601577662,0.0249921911602031,0.157990501106673,0.0933642997756335,0.0249973965654828,0.159325079865316,TRUE,"overall","summary",0.0928502409781441,0.0401838448307766,2.31063606205822,0.020852965594768,0.0140913523494761,0.171609129606812,-0.0393757746116485,0.225076256567937,11,82.2548364905175,4954,2241,0.0925843320995973,0.0749155307087101,-0.0559681648938207,0.206080474787478,NA,0.0928502409781441,0.0401838448307766,2.31063606205822,0.020852965594768,0.0140913523494761,0.171609129606812,-0.0393757746116485,0.225076256567937,11,82.2548364905175,4954,2241,-0.79807749841753,0.424825518419225,0.147668274220648,-0.00845889651877638,0.303795444960072,3,4.74221907878888,0.632615227208393,"0.708; 0.338; 0.196; 0.364; 0.489; 0.43; 0.305; 0.099; 0.447; 0.793; 0.574",0.936395327106642,0.0928502409781441,NA,"reanalysis",0.0928502409781441,4954,11,82.2548364905175,0.0401838448307766,0.0140913523494761,0.171609129606812,-0.0393757746116485,0.225076256567937,0.020852965594768,"meets criteria"
57313,"57313_003",TRUE,-0.25,-0.5,-0.01,NA,"Hedge's g",22,1003,"Learning from video vs face-to-face","Screen use: Video (vs face-to-face)","Learning","education","education_learning","education_learning_academic performance","Learning: General","Benefit",">=36 months","Age",TRUE,NA,NA,NA,"d","Strouse, 2021","Young","General","Experimental",TRUE,NA,NA,NA,NA,NA,NA,FALSE,"overall","summary",-0.15014466663988,0.0605475003294045,-2.47978307647761,0.013146233320267,-0.268815586639439,-0.0314737466403197,-0.349377834998799,0.0490885017190403,34,80.274756666528,1003,90,-0.149026490425708,0.254949550137543,-0.234228401774804,0.755627119416103,NA,-0.15014466663988,0.0605475003294045,-2.47978307647761,0.013146233320267,-0.268815586639439,-0.0314737466403197,-0.349377834998799,0.0490885017190403,34,80.274756666528,1003,90,1.17121670399186,0.241511682664226,-0.384195153742753,-0.792706709647528,0.0243164021620216,11,13.0533483626495,0.842695658952544,"0.326; 0.563; 0.462; 0.355; 0.319; 0.386; 0.454; 0.408; 0.501; 0.335; 0.326; 0.456; 0.345; 0.336; 0.602; 0.318; 0.292; 0.246; 0.194; 0.758; 0.425; 0.401; 0.453; 0.401; 0.233; 0.228; 0.46; 0.435; 0.362; 0.356; 0.42; 0.44; 0.227; 0.23",0.765490293593227,-0.15014466663988,NA,"reanalysis",-0.15014466663988,1003,34,80.274756666528,0.0605475003294045,-0.268815586639439,-0.0314737466403197,-0.349377834998799,0.0490885017190403,0.013146233320267,"meets criteria"
58322,"58322_001",TRUE,-0.07,-0.18,0.04,NA,"Hedges G",26,1086,"digital (vs print) format of reading tools","e-Books: General","Story comprehension","education","education_literacy","education_literacy_reading_comprehension","Literacy: Reading comprehension","Benefit","Overall","Overall",TRUE,35,NA,NA,"d","Furenes, 2021","Young","General","Experimental",TRUE,-0.0349785821756186,-0.0896376994958906,0.0199960011996001,-0.0349928581029374,-0.0898789407439468,0.0199986669066095,TRUE,"overall","summary",-0.0240298537758079,0.0288618670418834,-0.832581403723349,0.40508085051516,-0.0805980737044829,0.0325383661528671,-0.11900059879789,0.0709408912462743,26,0,1192,200,-0.0240252296266874,-0.0147936304990725,-0.153523329485504,0.123933909798377,NA,-0.0240298537758079,0.0288618670418834,-0.832581403723349,0.40508085051516,-0.0805980737044829,0.0325383661528671,-0.11900059879789,0.0709408912462743,26,0,1192,200,-0.0829241797553859,0.933911827588049,-0.0171668055890924,-0.188959746928075,0.15462613574989,0,1.37964623134218,0,"0.051; 0.052; 0.052; 0.052; 0.052; 0.055; 0.053; 0.051; 0.063; 0.053; 0.057; 0.053; 0.052; 0.052; 0.053; 0.052; 0.055; 0.052; 0.052; 0.051; 0.052; 0.052; 0.054; 0.055; 0.051; 0.053",0.886292559438916,-0.0240298537758079,NA,"reanalysis",-0.0240298537758079,1192,26,0,0.0288618670418834,-0.0805980737044829,0.0325383661528671,-0.11900059879789,0.0709408912462743,0.40508085051516,"meets criteria"
59211,"59211_005",TRUE,0.11,0.09,0.14,NA,"Correlation",37,46519,"Screen time","Screen use: General","Externalizing behavior problems","psychology","psychology_affect","psychology_affect_externalizing problems","Psychological health: Externalizing","Risk","Television","Screen type",TRUE,NA,NA,NA,"r","Eirich, 2022","Mixed","General","Mixed or unclear",TRUE,NA,NA,NA,NA,NA,NA,FALSE,"overall","summary",0.147519953739861,0.0222774325452883,6.62194592846209,3.54500741284502e-11,0.103856988283075,0.191182919196646,0.0742154664405821,0.220824441039139,42,94.6568655037988,46519,15291,0.146459071143692,0.0656575565412419,0.0431479812753825,0.088356317471809,NA,0.147519953739861,0.0222774325452883,6.62194592846209,3.54500741284502e-11,0.103856988283075,0.191182919196646,0.0742154664405821,0.220824441039139,42,94.6568655037988,46519,15291,1.62975685094211,0.103152896635816,0.0867471855342188,0.00246651213451535,0.171027858933922,27,27.5628252839265,0.979580276037424,"0.949; 0.759; 0.565; 0.897; 0.701; 0.664; 0.826; 0.524; 0.323; 0.64; 0.563; 0.567; 0.575; 0.791; 0.834; 0.877; 0.889; 0.78; 0.723; 0.551; 0.499; 0.725; 0.781; 0.358; 0.763; 0.694; 0.423; 0.712; 0.711; 0.301; 0.415; 0.472; 0.405; 0.872; 0.765; 0.752; 0.891; 0.685; 0.292; 0.436; 0.82; 0.793",0.572542192991124,0.147519953739861,0.0743495778136607,"reanalysis",0.147519953739861,46519,42,94.6568655037988,0.0222774325452883,0.103856988283075,0.191182919196646,0.0742154664405821,0.220824441039139,3.54500741284502e-11,"meets criteria"
59211,"59211_006",TRUE,0.07,0.05,0.08,NA,"Correlation",40,99603,"Screen time","Screen use: General","Internalizing behavior problems","psychology","psychology_affect","psychology_affect_internalizing problems","Psychological health: Internalizing","Risk","Overall","Overall",TRUE,85.27,NA,NA,"r","Eirich, 2022","Mixed","General","Mixed or unclear",TRUE,0.07,0.05,0.08,0.0701146706543251,0.0500417292784913,0.0801713250375897,TRUE,"overall","summary",0.0631648117660792,0.0108080712696067,5.84422605943618,5.08928780167596e-09,0.0419813813353079,0.0843482421968505,0.0276005643375687,0.0987290591945897,43,87.2144655322772,93914,15010,0.0630809407640706,0.0457057954660149,0.0261421107557543,0.0653332136189022,NA,0.0631648117660792,0.0108080712696067,5.84422605943618,5.08928780167596e-09,0.0419813813353079,0.0843482421968505,0.0276005643375687,0.0987290591945897,43,87.2144655322772,93914,15010,1.19292034754912,0.23290056950412,0.0447690327421345,0.00820048664265082,0.0813375788416182,23,20.2559138667156,1.13547086304477,"0.714; 0.715; 0.205; 0.219; 0.464; 0.798; 0.073; 0.152; 0.34; 0.327; 0.862; 0.707; 0.636; 0.174; 0.814; 0.202; 0.863; 0.564; 0.216; 0.499; 0.285; 0.399; 0.507; 0.853; 0.46; 0.461; 0.556; 0.407; 0.453; 0.221; 0.226; 0.1; 0.438; 0.697; 0.152; 0.45; 0.248; 0.723; 0.726; 0.657; 0.223; 0.589; 0.878",0.200919014710931,0.0631648117660792,0.0537790113177639,"reanalysis",0.0631648117660792,93914,43,87.2144655322772,0.0108080712696067,0.0419813813353079,0.0843482421968505,0.0276005643375687,0.0987290591945897,5.08928780167596e-09,"meets criteria"
59227,"59227_001",TRUE,-0.08,-0.13,-0.03,"0.001","correlation",16,7566,"Smartphone and/or tablet use","Screen use: General (mobile or tablet)","Child-specific factors","psychology","psychology_developmental","psychology_developmental","Developmental: General","Benefit","Overall","Overall",TRUE,73.98,NA,NA,"r","Mallawaarachchi, 2022","Young","General","Observational",TRUE,-0.08,-0.13,-0.03,-0.0801713250375897,-0.130739850028878,-0.0300090048631265,TRUE,"overall","summary",-0.0853726072311901,0.0275761090845684,-3.09589024939579,0.00196222974990495,-0.139420787870692,-0.0313244265916882,-0.176112531324499,0.00536731686211875,26,82.2802618008155,9070,2903,-0.0851657979018111,-0.0871238033815955,-0.148629896912388,-0.0260606075152601,NA,-0.0853726072311901,0.0275761090845684,-3.09589024939579,0.00196222974990495,-0.139420787870692,-0.0313244265916882,-0.176112531324499,0.00536731686211875,26,82.2802618008155,9070,2903,-0.576244340283874,0.564450038533182,-0.0408386758857274,-0.202475229461494,0.120797877690039,14,10.7024371966,1.30811325895447,"0.207; 0.817; 0.364; 0.388; 0.373; 0.233; 0.286; 0.509; 0.385; 0.389; 0.32; 0.332; 0.304; 0.304; 0.303; 0.303; 0.393; 0.676; 0.676; 0.386; 0.542; 0.544; 0.362; 0.354; 0.659; 0.293",0.0944068534069659,-0.0853726072311901,-0.0871268687155078,"reanalysis",-0.0853726072311901,9070,26,82.2802618008155,0.0275761090845684,-0.139420787870692,-0.0313244265916882,-0.176112531324499,0.00536731686211875,0.00196222974990495,"meets criteria"
59227,"59227_002",TRUE,-0.07,-0.15,0.02,"0.115","correlation",12,2629,"Smartphone and/or tablet use","Screen use: General (mobile or tablet)","Psychosocial factors","psychology","psychology_social","psychology_social_psychosocial","Psychological health: Psychosocial factors","Benefit","Overall","Overall",TRUE,72.45,NA,NA,"r","Mallawaarachchi, 2022","Young","General","Observational",TRUE,-0.07,-0.15,0.02,-0.0701146706543251,-0.151140435936467,0.0200026673068496,TRUE,"overall","summary",-0.0779116070823678,0.0413137622537351,-1.88585117481824,0.0593150125633453,-0.158885093165539,0.00306187900080332,-0.213855646156784,0.0580324319920484,12,77.4219594949459,2888,893,-0.0777543420977648,0.133113080096555,-0.0700445740682295,0.337860094622508,NA,-0.0779116070823678,0.0413137622537351,-1.88585117481824,0.0593150125633453,-0.158885093165539,0.00306187900080332,-0.213855646156784,0.0580324319920484,12,77.4219594949459,2888,893,-1.48372413495536,0.137882120714745,0.116738337494145,-0.150790823873504,0.384267498861794,6,4.68873918909365,1.27966170819576,"0.203; 0.379; 0.499; 0.377; 0.38; 0.325; 0.297; 0.296; 0.668; 0.378; 0.532; 0.354",0.305118789663696,-0.0779116070823678,NA,"reanalysis",-0.0779116070823678,2888,12,77.4219594949459,0.0413137622537351,-0.158885093165539,0.00306187900080332,-0.213855646156784,0.0580324319920484,0.0593150125633453,"meets criteria"
59227,"59227_004",TRUE,-0.07,-0.16,0.02,"0.143","correlation",10,1589,"Smartphone and/or tablet use","Screen use: General (mobile or tablet)","Cognitive factors","psychology","psychology_cognition","psychology_cognition_cognitive function","Cognition: Cognitive Functioning","Benefit","Overall","Overall",TRUE,56.54,NA,NA,"r","Mallawaarachchi, 2022","Young","General","Observational",TRUE,-0.07,-0.16,0.02,-0.0701146706543251,-0.161386696131526,0.0200026673068496,TRUE,"overall","summary",-0.0659557764551778,0.0539534777841802,-1.2224564414366,0.221535066444442,-0.171702649752853,0.0397910968424973,-0.243491137360977,0.111579584450621,10,79.6770370354346,2001,893,-0.0658603030903844,-0.0190070252513519,-0.268263924882842,0.230245295646836,NA,-0.0659557764551778,0.0539534777841802,-1.2224564414366,0.221535066444442,-0.171702649752853,0.0397910968424973,-0.243491137360977,0.111579584450621,10,79.6770370354346,2001,893,-0.694372123871455,0.48744887086434,0.0857777307237043,-0.357708819996948,0.529264281444356,5,3.83586726061467,1.30348618976945,"0.405; 0.262; 0.317; 0.352; 0.336; 0.335; 0.425; 0.695; 0.386; 0.324",0.321314221171882,-0.0659557764551778,NA,"reanalysis",-0.0659557764551778,2001,10,79.6770370354346,0.0539534777841802,-0.171702649752853,0.0397910968424973,-0.243491137360977,0.111579584450621,0.221535066444442,"meets criteria"
59588,"59588_004",TRUE,-0.02,-0.06,0.03,"0.47","Mean difference",11,3306,"Digital-based Intervention","Intervention: To promote health","Body mass index z-score","physical health","physical health_body composition","physical health_body composition_bmi z score","Body composition: BMI z-score","Risk","RCTs","Study Design",TRUE,95,NA,NA,"md","Oh, 2022","Mixed","General","Experimental",NA,NA,NA,NA,NA,NA,NA,FALSE,"overall","summary",-0.0388451975756538,0.081676799266845,-0.475596472001104,0.634361889310296,-0.198928782511177,0.12123838735987,-0.307604888905905,0.229914493754597,11,95.9784579497588,3339,949,-0.0388256708826217,-0.132786654609057,-0.733328981703766,0.466178059347397,NA,-0.0388451975756538,0.081676799266845,-0.475596472001104,0.634361889310296,-0.198928782511177,0.12123838735987,-0.307604888905905,0.229914493754597,11,95.9784579497588,3339,949,1.2537956701485,0.209916283400409,-0.363057511051121,-0.892751605525709,0.166636583423466,3,7.3059278342521,0.410625463056891,"0.688; 0.643; 0.797; 0.505; 0.531; 0.721; 0.609; 0.675; 0.674; 0.813; 0.65",0.998829451013286,-0.0388451975756538,NA,"reanalysis",-0.0388451975756538,3339,11,95.9784579497588,0.081676799266845,-0.198928782511177,0.12123838735987,-0.307604888905905,0.229914493754597,0.634361889310296,"meets criteria"
59754,"59754_002",TRUE,0.51,0.32,0.7,"<0.001","Hedge's g",15,9318,"Game based learning","Video games: Educational (with competition)","Motivation","education","education_learning","education_learning_motivation","Learning: Motivation","Benefit","Overall","Overall",TRUE,83,NA,NA,"d","Arztmann, 2022","Children","General","Mixed or unclear",TRUE,0.247092907252396,0.157990501106673,0.330350424728106,0.252314305067695,0.159325079865316,0.343221555085944,TRUE,"overall","summary",0.260607529048829,0.0452417033129751,5.76033858066718,8.39453761026438e-09,0.171935419956151,0.349279638141506,0.111738494919259,0.409476563178399,15,81.9800858692079,9318,7900,0.254863687224163,-0.00717820899856074,-0.0466919944524561,0.0323353298681712,NA,0.260607529048829,0.0452417033129751,5.76033858066718,8.39453761026438e-09,0.171935419956151,0.349279638141506,0.111738494919259,0.409476563178399,15,81.9800858692079,9318,7900,1.80466144760284,0.0711276761316711,0.0895977217185941,-0.108256345397643,0.287451788834831,11,9.74115891303626,1.12922908846904,"0.685; 0.453; 0.644; 0.591; 0.506; 0.516; 0.688; 0.865; 0.622; 0.559; 0.806; 0.774; 0.976; 0.628; 0.428",0.339519281692851,0.260607529048829,0.203992713037661,"reanalysis",0.260607529048829,9318,15,81.9800858692079,0.0452417033129751,0.171935419956151,0.349279638141506,0.111738494919259,0.409476563178399,8.39453761026438e-09,"meets criteria"
59900,"59900_003",TRUE,0.09,-0.07,0.25,NA,"Correlation",10,20004,"Video gaming","Video games: General","Body mass","physical health","physical health_body composition","physical health_body composition","Body composition","Risk","Children","Age",TRUE,NA,NA,NA,"r","Marker, 2022","Children","General","Mixed or unclear",TRUE,0.09,-0.07,0.25,0.0902441878561468,-0.0701146706543251,0.255412811882995,TRUE,"overall","summary",0.0933871898963563,0.0322474101063523,2.89595938366413,0.003780013207295,0.0301834274932129,0.1565909522995,-0.0127237750799777,0.19949815487269,13,94.7044653316766,20004,4097,0.0931166518532331,0.102276169185713,-0.0589605627809227,0.264230645409648,NA,0.0933871898963563,0.0322474101063523,2.89595938366413,0.003780013207295,0.0301834274932129,0.1565909522995,-0.0127237750799777,0.19949815487269,13,94.7044653316766,20004,4097,-0.953065062509903,0.340557106518458,0.137638701204445,0.0263910295428041,0.248886372866085,8,8.55854948223193,0.934737833392036,"0.713; 0.26; 0.272; 0.846; 0.823; 0.825; 0.787; 0.698; 0.685; 0.71; 0.815; 0.657; 0.468",0.757438247185773,0.0933871898963563,NA,"reanalysis",0.0933871898963563,20004,13,94.7044653316766,0.0322474101063523,0.0301834274932129,0.1565909522995,-0.0127237750799777,0.19949815487269,0.003780013207295,"meets criteria"
60309,"60309_002",TRUE,0.31,0.11,0.51,"0.01","Hedge's g",12,1095,"Educational apps","Screen use: Educational apps","Literacy skills","education","education_learning","education_learning_general","Literacy: General","Benefit","Overall","Overall",TRUE,56,NA,NA,"d","Kim, 2021","Children","General","Experimental",TRUE,0.153170954413191,0.0549170007571355,0.247092907252396,0.154385969709221,0.0549723085118352,0.252314305067695,TRUE,"overall","summary",0.12064044159682,0.029924850408878,4.03144677244664,5.54345519713063e-05,0.06198881255267,0.179292070640969,0.0221719213905104,0.219108961803129,12,0,1095,362,0.120058557220905,0.0961055149074273,0.0753696361332183,0.117436465917052,NA,0.12064044159682,0.029924850408878,4.03144677244664,5.54345519713063e-05,0.06198881255267,0.179292070640969,0.0221719213905104,0.219108961803129,12,0,1095,362,0.706753699930304,0.479719551837029,0.0666860436574577,-0.0940246632201291,0.227396750535044,0,2.49945774116809,0,"0.19; 0.146; 0.147; 0.187; 0.104; 0.279; 0.198; 0.135; 0.131; 0.1; 0.247; 0.636",1,0.12064044159682,NA,"reanalysis",0.12064044159682,1095,12,0,0.029924850408878,0.06198881255267,0.179292070640969,0.0221719213905104,0.219108961803129,5.54345519713063e-05,"meets criteria"
60309,"60309_004",TRUE,0.35,NA,NA,NA,"Hedge's g",15,2011,"Educational apps","Screen use: Educational apps","Overall maths and literacy skills","education","education_learning","education_learning_literacy and numeracy","Learning: Literacy and numeracy","Benefit","Preschool","Age",TRUE,NA,NA,NA,"d","Kim, 2021","Young","General","Experimental",TRUE,0.172380331752248,NA,NA,0.174118860824002,NA,NA,TRUE,"overall","summary",0.113282525257922,0.0220446404770904,5.13877853329698,2.76530074171092e-07,0.0700758238706908,0.156489226645153,0.0407440464819277,0.185821004033916,15,0,2011,389,0.112800417589544,0.0932765086194257,0.0534099942522957,0.133686900308612,NA,0.113282525257922,0.0220446404770904,5.13877853329698,2.76530074171092e-07,0.0700758238706908,0.156489226645153,0.0407440464819277,0.185821004033916,15,0,2011,389,1.00376302829189,0.315492848888357,0.0577476188907034,-0.0589815416039864,0.174476779385393,3,3.84579361791084,0.78007306113054,"0.143; 0.083; 0.135; 0.164; 0.251; 0.18; 0.124; 0.607; 0.121; 0.324; 0.374; 0.608; 0.186; 0.327; 0.217",0.801757512594637,0.113282525257922,0.0403060627618219,"reanalysis",0.113282525257922,2011,15,0,0.0220446404770904,0.0700758238706908,0.156489226645153,0.0407440464819277,0.185821004033916,2.76530074171092e-07,"meets criteria"
60309,"60309_005",TRUE,0.17,NA,NA,NA,"Hedge's g",18,3255,"Educational apps","Screen use: Educational apps","Overall maths and literacy skills","education","education_learning","education_learning_literacy and numeracy","Learning: Literacy and numeracy","Benefit","K-3","Age",TRUE,NA,NA,NA,"d","Kim, 2021","Children","General","Experimental",TRUE,NA,NA,NA,NA,NA,NA,FALSE,"overall","summary",0.0877963365902135,0.0174105382756571,5.04271236191289,4.58978928220849e-07,0.0536723086184695,0.121920364561957,0.0305064949845011,0.145086178195926,18,0,3255,586,0.087571446153456,0.0197463829520698,-0.0153097060088446,0.0548076061158775,NA,0.0877963365902135,0.0174105382756571,5.04271236191289,4.58978928220849e-07,0.0536723086184695,0.121920364561957,0.0305064949845011,0.145086178195926,18,0,3255,586,1.79970582162949,0.0719071013835475,0.0185506041111138,-0.0642225563544484,0.101323764576676,1,3.91677348226663,0.255312186044852,"0.123; 0.567; 0.138; 0.479; 0.169; 0.133; 0.316; 0.122; 0.092; 0.078; 0.396; 0.076; 0.1; 0.14; 0.153; 0.297; 0.39; 0.147",0.991741249786366,0.0877963365902135,NA,"reanalysis",0.0877963365902135,3255,18,0,0.0174105382756571,0.0536723086184695,0.121920364561957,0.0305064949845011,0.145086178195926,4.58978928220849e-07,"meets criteria"
60496,"60496_003",TRUE,-0.06,-0.11,0,"0.05","Fishers z",118,527696,"Online media use; smart phone, internet, social media, online gaming","Internet use: General","Depressive symptoms","psychology","psychology_affect","psychology_affect_depression","Psychological health: Depression","Risk","Cross-sectional","Study Design",TRUE,NA,NA,NA,"z","Shin, 2022","Mixed","General","Cross-sectional",TRUE,-0.0599281035291435,-0.10955847021443,0,-0.06,-0.11,0,TRUE,"overall","summary",0.245024706737029,0.0114563171295369,21.3877377840127,1.73784743872768e-101,0.222570737767668,0.267478675706391,0.207327388977839,0.282722024496219,118,98.5241778076806,527696,75066,0.240236145651451,0.176801956485734,0.154766910632289,0.202592113367252,FALSE,0.245024706737029,0.0114563171295369,21.3877377840127,1.73784743872768e-101,0.222570737767668,0.267478675706391,0.207327388977839,0.282722024496219,118,98.5241778076806,527696,75066,0.93063730064994,0.35204121279689,0.229280459473891,0.189246965149022,0.269313953798759,110,108.256853533598,1.01610195021843,"0.919; 0.953; 0.935; 0.954; 0.957; 0.962; 0.936; 0.967; 0.98; 0.984; 0.983; 0.984; 0.943; 0.981; 0.92; 0.802; 0.969; 0.994; 0.89; 0.932; 0.985; 0.935; 0.915; 0.84; 0.943; 0.977; 0.993; 0.987; 0.974; 0.953; 0.961; 0.951; 0.88; 0.926; 0.984; 0.872; 0.99; 0.93; 0.935; 0.946; 0.961; 0.953; 0.893; 0.83; 0.954; 0.925; 0.988; 0.942; 0.935; 0.928; 0.953; 0.99; 0.994; 0.836; 0.929; 0.959; 0.956; 0.981; 0.962; 0.922; 0.947; 0.92; 0.965; 0.951; 0.952; 0.934; 0.906; 0.929; 0.934; 0.943; 0.983; 0.937; 0.848; 0.987; 0.945; 0.892; 0.925; 0.958; 0.968; 0.787; 0.918; 0.874; 0.578; 0.988; 0.988; 0.945; 0.779; 0.794; 0.923; 0.788; 0.989; 0.91; 0.924; 0.967; 0.901; 0.939; 0.967; 0.991; 0.924; 0.979; 0.984; 0.887; 0.945; 0.934; 0.647; 0.705; 0.946; 0.951; 0.911; 0.595; 0.271; 0.946; 0.637; 0.93; 0.973; 0.97; 0.865; 0.869",0.279933540470214,0.245024706737029,0.224280044007974,"reanalysis",0.245024706737029,527696,118,98.5241778076806,0.0114563171295369,0.222570737767668,0.267478675706391,0.207327388977839,0.282722024496219,1.73784743872768e-101,"meets criteria"
60496,"60496_007",TRUE,-0.02,-0.08,0.04,"0.003","Fishers z",13,17540,"Online media use; smart phone, internet, social media, online gaming","Internet use: General","Depressive symptoms","psychology","psychology_affect","psychology_affect_depression","Psychological health: Depression","Risk","Longitudinal","Study Design",TRUE,NA,NA,NA,"z","Shin, 2022","Mixed","General","Longitudinal",TRUE,-0.0199973337599309,-0.0798297691111314,0.0399786803111636,-0.02,-0.08,0.04,TRUE,"overall","summary",0.147530141487824,0.0307776046861448,4.79342505670162,1.63957725242736e-06,0.0872071447725689,0.207853138203079,0.0462556105367742,0.248804672438874,13,93.9871107400528,17540,3795,0.146469040346942,-0.0988466579255741,-0.2798584984683,0.0815175166389601,NA,0.147530141487824,0.0307776046861448,4.79342505670162,1.63957725242736e-06,0.0872071447725689,0.207853138203079,0.0462556105367742,0.248804672438874,13,93.9871107400528,17540,3795,0.56332054293126,0.573216631993123,0.0818792567188031,-0.154772427884439,0.318530941322045,11,10.6567925149385,1.03220551442475,"0.815; 0.82; 0.823; 0.782; 0.822; 0.823; 0.861; 0.744; 0.817; 0.865; 0.906; 0.881; 0.697",0.575487608940327,0.147530141487824,0.053701746801854,"reanalysis",0.147530141487824,17540,13,93.9871107400528,0.0307776046861448,0.0872071447725689,0.207853138203079,0.0462556105367742,0.248804672438874,1.63957725242736e-06,"meets criteria"
61094,"61094_001",TRUE,0.09,NA,NA,"0.153","Standardized mean difference",8,1785,"Technology-supported adaptive instruction for struggling readers","Intervention: Reading","Reading","education","education_literacy","education_literacy_reading","Literacy: Reading","Benefit","Overall","Overall",TRUE,NA,NA,NA,"d","Neitzel, 2022","Children","Poor readers","Experimental",TRUE,0.0449545065814817,NA,NA,0.0449848263229507,NA,NA,TRUE,"overall","summary",0.0357455277285601,0.0131853830650559,2.71099652942912,0.00670813283773175,0.0099026517986862,0.0615884036584341,-0.00764132771196688,0.0791323831690872,27,0,5736,454,0.0357303109760867,-0.0405913781509618,-0.102058632360917,0.0208312447354503,NA,0.0357455277285601,0.0131853830650559,2.71099652942912,0.00670813283773175,0.0099026517986862,0.0615884036584341,-0.00764132771196688,0.0791323831690872,27,0,5736,454,1.57184136313075,0.115987346110398,-0.100827936545926,-0.273074125653921,0.07141825256207,0,2.20765083222462,0,"0.08; 0.079; 0.079; 0.079; 0.08; 0.079; 0.076; 0.076; 0.075; 0.076; 0.119; 0.094; 0.094; 0.094; 0.094; 0.094; 0.085; 0.085; 0.085; 0.067; 0.077; 0.077; 0.078; 0.078; 0.07; 0.071; 0.07",0.939496271748086,0.0357455277285601,NA,"reanalysis",0.0357455277285601,5736,27,0,0.0131853830650559,0.0099026517986862,0.0615884036584341,-0.00764132771196688,0.0791323831690872,0.00670813283773175,"meets criteria"
61452,"61452_004",TRUE,0.32,-0.15,0.79,NA,"d",8,1183,"Serious games","Video games: Educational","Motivation","education","education_learning","education_learning_motivation","Learning: Motivation","Benefit","Preparatory education","Age",TRUE,NA,NA,NA,"d","Wouters, 2013","Children","General","Experimental",TRUE,0.157990501106673,-0.0747899482416342,0.367378285083804,0.159325079865316,-0.0749298648848772,0.385388944086563,TRUE,"overall","summary",0.163943844729183,0.0748832577065352,2.18932575518646,0.0285731716913372,0.0171753565793421,0.310712332879023,-0.0824615164953681,0.410349205953733,10,84.8365439034996,1183,358,0.162490661126244,0.102830597324573,-0.28534757102674,0.491738295978536,NA,0.163943844729183,0.0748832577065352,2.18932575518646,0.0285731716913372,0.0171753565793421,0.310712332879023,-0.0824615164953681,0.410349205953733,10,84.8365439034996,1183,358,-0.348088856297871,0.72777345302775,0.255759668863334,-0.286224144061172,0.797743481787839,5,5.0884950675093,0.982608793693374,"0.501; 0.654; 0.477; 0.367; 0.388; 0.733; 0.403; 0.436; 0.631; 0.497",0.648726033299409,0.163943844729183,NA,"reanalysis",0.163943844729183,1183,10,84.8365439034996,0.0748832577065352,0.0171753565793421,0.310712332879023,-0.0824615164953681,0.410349205953733,0.0285731716913372,"meets criteria"
61458,"61458_001",TRUE,0.19,0.11,0.28,"0.001","d",9,4971,"Video games","Video games: General","Information processing","psychology","psychology_cognition","psychology_cognition_cognitive function","Cognition: Information processing","Benefit","Quasi-experimental","Design",TRUE,NA,NA,NA,"d","Powers, 2013","Mixed","General","Experimental",TRUE,0.0945741925264207,0.0549170007571355,0.138647844534406,0.0948576814038144,0.0549723085118352,0.139546653905865,TRUE,"overall","summary",0.105529287571836,0.024462639871569,4.31389613409977,1.60402328203397e-05,0.0575833944567876,0.153475180686885,0.0250343171515791,0.186024257992094,56,65.503587251143,5189,447,0.105139284914587,0.0187145240438166,-0.0878790450958224,0.125312463736304,NA,0.105529287571836,0.024462639871569,4.31389613409977,1.60402328203397e-05,0.0575833944567876,0.153475180686885,0.0250343171515791,0.186024257992094,56,65.503587251143,5189,447,-0.717095756970774,0.473315013658871,0.163097246681537,-0.00182821663017482,0.328022709993249,15,16.6573733292762,0.900502120201429,"0.219; 0.224; 0.175; 0.161; 0.264; 0.181; 0.246; 0.169; 0.155; 0.219; 0.165; 0.189; 0.408; 0.413; 0.44; 0.39; 0.573; 0.386; 0.397; 0.385; 0.353; 0.354; 0.347; 0.21; 0.256; 0.232; 0.275; 0.26; 0.255; 0.226; 0.258; 0.215; 0.261; 0.219; 0.262; 0.209; 0.257; 0.228; 0.264; 0.215; 0.219; 0.295; 0.272; 0.241; 0.219; 0.275; 0.264; 0.583; 0.544; 0.34; 0.597; 0.624; 0.46; 0.349; 0.177; 0.283",0.685978785532418,0.105529287571836,NA,"reanalysis",0.105529287571836,5189,56,65.503587251143,0.024462639871569,0.0575833944567876,0.153475180686885,0.0250343171515791,0.186024257992094,1.60402328203397e-05,"meets criteria"
61458,"61458_002",TRUE,0.4,0.17,0.64,"0.001","d",7,1080,"Video games","Video games: General","Information processing","psychology","psychology_cognition","psychology_cognition_cognitive function","Cognition: Information processing","Benefit","True experiments","Design",TRUE,NA,NA,NA,"d","Powers, 2013","Mixed","General","Experimental",TRUE,NA,NA,NA,NA,NA,NA,FALSE,"overall","summary",0.1887379174892,0.0526690428278493,3.5834696693862,0.000339060151241256,0.0855084904464183,0.291967344531983,0.015429024142071,0.36204681083633,29,76.2985531929954,1230,56,0.186528322114421,0.398238326462577,-0.457739564852813,1.30084647405341,NA,0.1887379174892,0.0526690428278493,3.5834696693862,0.000339060151241256,0.0855084904464183,0.291967344531983,0.015429024142071,0.36204681083633,29,76.2985531929954,1230,56,-1.90860510145538,0.0563130533453981,0.818086135535456,0.164977097777838,1.47119517329307,16,12.5181672648669,1.27814237191934,"0.518; 0.496; 0.39; 0.41; 0.371; 0.375; 0.372; 0.369; 0.39; 0.359; 0.424; 0.434; 0.363; 0.31; 0.528; 0.507; 0.492; 0.443; 0.477; 0.374; 0.415; 0.373; 0.525; 0.424; 0.541; 0.44; 0.472; 0.445; 0.482",0.0958833680041555,0.1887379174892,0.190932993383409,"reanalysis",0.1887379174892,1230,29,76.2985531929954,0.0526690428278493,0.0855084904464183,0.291967344531983,0.015429024142071,0.36204681083633,0.000339060151241256,"meets criteria"
61485,"61485_001",TRUE,0.13,0.02,0.24,"0.002","d",24,3866,"Video games for mathematics","Video games: Educational","Mathematics achievement","education","education_numeracy","education_numeracy_mathematics","Numeracy: Mathematics","Benefit","Overall","Overall",TRUE,NA,NA,NA,"d","Tokac, 2019","Mixed","General","Experimental",TRUE,0.0648631210826801,0.00999950003749688,0.119145220618431,0.0649543159702414,0.00999983334083289,0.119713850398777,TRUE,"overall","summary",0.0567540453307118,0.0300863441213254,1.8863722724784,0.0592448063068473,-0.00221410557356434,0.115722196234988,-0.0422458742533734,0.155753964914797,39,83.6054481963234,6557,437,0.0566931884016433,0.0503918051133349,-0.196409526776298,0.29727857496423,NA,0.0567540453307118,0.0300863441213254,1.8863722724784,0.0592448063068473,-0.00221410557356434,0.115722196234988,-0.0422458742533734,0.155753964914797,39,83.6054481963234,6557,437,-0.58426499446345,0.559042039732506,0.12216703521297,-0.105281971209405,0.349616041635344,21,16.7243555783237,1.25565376206292,"0.617; 0.438; 0.459; 0.484; 0.467; 0.44; 0.449; 0.357; 0.46; 0.462; 0.458; 0.436; 0.457; 0.441; 0.501; 0.44; 0.45; 0.301; 0.315; 0.601; 0.446; 0.437; 0.464; 0.436; 0.585; 0.436; 0.444; 0.274; 0.241; 0.243; 0.444; 0.445; 0.195; 0.249; 0.439; 0.447; 0.502; 0.533; 0.429",0.0832729419446117,0.0567540453307118,0.0670537973039438,"reanalysis",0.0567540453307118,6557,39,83.6054481963234,0.0300863441213254,-0.00221410557356434,0.115722196234988,-0.0422458742533734,0.155753964914797,0.0592448063068473,"meets criteria"
61489,"61489_001",TRUE,0.19,0.04,0.57,NA,"Cohen's d",4,697,"Game based learning with instructional support (vs no support)","Video games: Educational (instructional support)","Learning","education","education_learning","education_learning_academic performance","Learning: General","Benefit","Elementary school","Age",TRUE,NA,NA,NA,"d","Wouters, 2013","Children","General","Experimental",TRUE,0.0945741925264207,0.0199960011996001,0.274085979637935,0.0948576814038144,0.0199986669066095,0.28127637161931,TRUE,"overall","summary",0.15115482481846,0.0493391787334917,3.06358615401629,0.00218701221845977,0.0544518114740321,0.247857838162889,-0.0111970617139504,0.313506711350871,16,66.5823669895494,1287,267,0.150014065101791,0.0963538694164261,-0.167835591087633,0.361143044751551,NA,0.15115482481846,0.0493391787334917,3.06358615401629,0.00218701221845977,0.0544518114740321,0.247857838162889,-0.0111970617139504,0.313506711350871,16,66.5823669895494,1287,267,-1.30163375050459,0.193041616580664,0.354619996733113,0.0331220773843639,0.676117916081862,3,5.75646060086693,0.521153571267073,"0.271; 0.294; 0.333; 0.317; 0.489; 0.356; 0.436; 0.325; 0.28; 0.317; 0.206; 0.253; 0.188; 0.623; 0.637; 0.43",0.967433523624873,0.15115482481846,NA,"reanalysis",0.15115482481846,1287,16,66.5823669895494,0.0493391787334917,0.0544518114740321,0.247857838162889,-0.0111970617139504,0.313506711350871,0.00218701221845977,"meets criteria"
61491,"61491_002",TRUE,0.081,0.006,0.155,NA,"r",NA,5522,"Social network site use","Social Media: General","Negative mental health","psychology","psychology_affect","psychology_affect_general","Psychological health: General","Risk","Overall","Overall",TRUE,NA,NA,NA,"r","Yin, 2019","Mixed","General","Mixed or unclear",TRUE,0.081,0.006,0.155,0.0811778476417606,0.00600007200155524,0.15625949779936,TRUE,"overall","summary",0.0806743963668428,0.0369375062686351,2.18407804198049,0.0289565138943866,0.00827821440159547,0.15307057833209,-0.0408694554047505,0.202218248138436,12,85.036021635537,5522,1819,0.0804998315145076,-0.0624767272677109,-0.284310452125193,0.159194037098773,NA,0.0806743963668428,0.0369375062686351,2.18407804198049,0.0289565138943866,0.00827821440159547,0.15307057833209,-0.0408694554047505,0.202218248138436,12,85.036021635537,5522,1819,-0.788781115546447,0.43023994871635,0.153334232096617,-0.0427065104324487,0.349374974625683,5,5.82234822669863,0.858760040677795,"0.587; 0.547; 0.567; 0.536; 0.238; 0.235; 0.435; 0.757; 0.603; 0.347; 0.485; 0.486",0.787705106380495,0.0806743963668428,NA,"reanalysis",0.0806743963668428,5522,12,85.036021635537,0.0369375062686351,0.00827821440159547,0.15307057833209,-0.0408694554047505,0.202218248138436,0.0289565138943866,"meets criteria"
